"DH-C069","0: 禁止配置;1: 使能配置"
"DH-C578","0:150ms;1:可变长度"
"DH-C078","0:150ms;1:可变长度"
"AA-C522","0:AIS采集;1:ADS-B采集"
"AA-C022","0:AIS采集;1:ADS-B采集"
"XW-C012","0:A机;1:B机"
"GPA-C017","0:A总线;1:B总线"
"GPB-C017","0:A总线;1:B总线"
"XW-C041","0:CAN A;1:CAN B"
"XW-C042","0:CAN A;1:CAN B"
"XW-C043","0:CAN A;1:CAN B"
"XW-C044","0:CAN A;1:CAN B"
"XW-C045","0:CAN A;1:CAN B"
"XW-C046","0:CAN A;1:CAN B"
"XW-C047","0:CAN A;1:CAN B"
"XW-C048","0:CAN A;1:CAN B"
"XW-C049","0:CAN A;1:CAN B"
"XW-C050","0:CAN A;1:CAN B"
"XW-C051","0:CAN A;1:CAN B"
"XW-C013","0:GNSS;1:守时"
"XW-C016","0:GNSS;1:星务FPGA"
"XMA-C020","0:PPS无效;1:PPS有效"
"XMB-C020","0:PPS无效;1:PPS有效"
"DH-C579","0:不进行功控;1:进行功控"
"DH-C079","0:不进行功控;1:进行功控"
"GPA-C015","0:不可用;1:可用"
"GPA-C016","0:不可用;1:可用"
"GPB-C015","0:不可用;1:可用"
"GPB-C016","0:不可用;1:可用"
"SC-C075","0:不忙;1:忙"
"DH-C401","0:不使能;1:使能"
"DH-C404","0:不使能;1:使能"
"DH-C265","0:不使能;1:使能"
"DH-C266","0:不使能;1:使能"
"DH-C269","0:不使能;1:使能"
"DH-C271","0:不使能;1:使能"
"ZY-C167","0:不用;1:使用"
"ZY-C178","0:不用;1:使用"
"ZY-C179","0:不用;1:使用"
"XW-C040","0:不允许GNSS授时;1:允许GNSS授时"
"CK-C008","0:测距断;1:测距通"
"CK-C026","0:测距断;1:测距通"
"XW-C015","0:测试模式;1:飞行模式"
"JG-C504","0:常规遥测;1:工程遥测"
"JG-C004","0:常规遥测;1工程遥测"
"XW-C014","0:存储区一;1:存储区二;2:存储区三;3:存储区四"
"CK-C015","0:错误;1:正确"
"CK-C016","0:错误;1:正确"
"CK-C033","0:错误;1:正确"
"CK-C034","0:错误;1:正确"
"AA-C521","0:等待;1:采集中;2:回传中;3:回传结束"
"GPA-C014","0:定轨未启动;1:滤波器启动;2:定轨已收敛;3:定轨处于发散状态;4:定轨处于外推状态"
"GPB-C014","0:定轨未启动;1:滤波器启动;2:定轨已收敛;3:定轨处于发散状态;4:定轨处于外推状态"
"SC-C074","0:断电;1:加电"
"CK-C009","0:非相干;1:相干"
"CK-C027","0:非相干;1:相干"
"DH-C263","0:高精度模式;1:低精度模式"
"DH-C580","0:固定速率;1:自适应速率"
"DH-C080","0:固定速率;1:自适应速率"
"CK-C007","0:关;1:开"
"CK-C013","0:关;1:开"
"CK-C014","0:关;1:开"
"CK-C025","0:关;1:开"
"CK-C031","0:关;1:开"
"CK-C032","0:关;1:开"
"DH-C571","0:关;1:开"
"AA-C524","0:关;1:开"
"AA-C024","0:关;1:开"
"DH-C071","0:关;1:开"
"DH-C203","0:关;1:开"
"AA-C074","0:关;1:开"
"VHF-C007","0:关机;1:开机"
"AA-C523","0:监测异常重加载;1:固定间隔重加载"
"AA-C023","0:监测异常重加载;1:固定间隔重加载"
"AA-C075","0:健康管理FPGA控制;1:接口和检测FPGA控制"
"XW-C003","0:箭上待机模式;1:初始入轨模式;2:在轨待机与试验模式;3:星地通信业务模式;4:星间激光通信模式;5:轨道控制模式;6:安全模式;8:最小系统模式"
"DH-C567","0:禁止;1:使能"
"DH-C568","0:禁止;1:使能"
"DH-C570","0:禁止;1:使能"
"DH-C574","0:禁止;1:使能"
"DH-C067","0:禁止;1:使能"
"DH-C068","0:禁止;1:使能"
"DH-C070","0:禁止;1:使能"
"DH-C074","0:禁止;1:使能"
"SC-C072","0:禁止;1:允许"
"DH-C569","0:禁止配置;1:使能配置"
"DH-C581","0:禁止拥塞控制;1:使能拥塞控制"
"DH-C081","0:禁止拥塞控制;1:使能拥塞控制"
"DY-C011","0:可用;1:禁用（电流超限）"
"DY-C012","0:可用;1:禁用（电流超限）"
"DY-C013","0:可用;1:禁用（电流超限）"
"DY-C014","0:可用;1:禁用（电流超限）"
"DY-C017","0:可用;1:禁用（电流超限）"
"XW-C007","0:空;90:星务计算机;91:姿轨控分系统;92:姿轨控运算分系统;
93:PCDU;94:USB应答机;95:GNSS接收机;
96:液氨推进装置;97:数字太阳敏;98:星敏感器;
99:磁力矩线圈;100:飞轮;101:光纤陀螺;102:磁强计;
103:数据处理单元;104:状态监测相机;105:激光通信载荷;
106:路由单元;107:多用户接入载荷;108:馈电单元;
109:AIS/ADS-B载荷;110:VHF单元;111:磁棒
"
"XW-C082","0:空;90:星务计算机;91:姿轨控分系统;92:姿轨控运算分系统;
93:PCDU;94:USB应答机;95:GNSS接收机;
96:液氨推进装置;97:数字太阳敏;98:星敏感器;
99:磁力矩线圈;100:飞轮;101:光纤陀螺;102:磁强计;
103:数据处理单元;104:状态监测相机;105:激光通信载荷;
106:路由单元;107:多用户接入载荷;108:馈电单元;
109:AIS/ADS-B载荷;110:VHF单元;111:磁棒
"
"DH-C124","0:空闲;1:读;2:写;3:擦除;4:帧命令字错;5:校验和错误;6:本次操作失败（包含对存储器访问错误）;7:主机与FPGA对存储器操作冲突;8:连续读寄存器失败终止对3418操作;9：连续写寄存器失败终止对3418操作;10：连续对存储器复位失败终止对3418操作;11：连续设置保护状态失败终止对3418操作;12：连续擦除失败标记坏块;13：连续擦除出现坏块停止擦除;14：连续读页过程出现错误"
"DH-C624","0:空闲;1:读;2:写;3:擦除;4:帧命令字错;5:校验和错误;6:本次操作失败（包含对存储器访问错误）;7:主机与FPGA对存储器操作冲突;8:连续读寄存器失败终止对3418操作;9:连续写寄存器失败终止对3418操作;10:连续对存储器复位失败终止对3418操作;11:连续设置保护状态失败终止对3418操作;12:连续擦除失败标记坏块;13:连续擦除出现坏块停止擦除;14:连续读页过程出现错误
"
"DH-C038","0:空闲;1:未接收到fifo数据;2:接收到fifo数据;3:校正计算完成"
"TY-C009","0:默认;1:简化"
"DH-C528","0:内时钟;1:外时钟"
"DH-C028","0:内时钟;1:外时钟"
"ZY-C169","0:屏蔽;1:正常使用"
"ZY-C170","0:屏蔽;1:正常使用"
"ZY-C171","0:屏蔽;1:正常使用"
"ZY-C172","0:屏蔽;1:正常使用"
"ZY-C173","0:屏蔽;1:正常使用"
"LY-C086","0:任务就绪;1:延迟;2:等待信号量;3:等待数据队列;4:等待时间标志组;5:等待信号;6:等待其他线程"
"LY-C087","0:任务就绪;1:延迟;2:等待信号量;3:等待数据队列;4:等待时间标志组;5:等待信号;6:等待其他线程"
"LY-C088","0:任务就绪;1:延迟;2:等待信号量;3:等待数据队列;4:等待时间标志组;5:等待信号;6:等待其他线程"
"LY-C089","0:任务就绪;1:延迟;2:等待信号量;3:等待数据队列;4:等待时间标志组;5:等待信号;6:等待其他线程"
"LY-C090","0:任务就绪;1:延迟;2:等待信号量;3:等待数据队列;4:等待时间标志组;5:等待信号;6:等待其他线程"
"LY-C091","0:任务就绪;1:延迟;2:等待信号量;3:等待数据队列;4:等待时间标志组;5:等待信号;6:等待其他线程"
"LY-C084","0:任务就绪;1:延迟;2:等待信号量;3:等待数据队列;4:等待时间标志组;5:等待信号;6:等待其他线程
"
"LY-C085","0:任务就绪;1:延迟;2:等待信号量;3:等待数据队列;4:等待时间标志组;5:等待信号;6:等待其他线程
"
"DH-C231","0:上注数据门关闭;1:上注数据门开启"
"AA-C519","0:失锁;1:锁定"
"AA-C520","0:失锁;1:锁定"
"AA-C019","0:失锁;1:锁定"
"AA-C020","0:失锁;1:锁定"
"LY-C597","0:使用CAN_A;1:使用CAN_B"
"LY-C097","0:使用CAN_A;1:使用CAN_B"
"ZY-C166","1:使用磁强计;0:使用计算磁场"
"TY-C006","0:视场内;1:超视场"
"GPA-C018","0:数据无效;1:定位有效;2:定轨滤波有效;3:定轨外推有效"
"GPB-C018","0:数据无效;1:定位有效;2:定轨滤波有效;3:定轨外推有效"
"GPA-C132","0:数据无效;1:定位有效;2:定轨滤波有效;3:定轨外推有效;"
"GPB-C132","0:数据无效;1:定位有效;2:定轨滤波有效;3:定轨外推有效;"
"CK-C010","0:调制信号;1:单载波"
"CK-C028","0:调制信号;1:单载波"
"AA-C505","0:外部;1:内部"
"AA-C005","0:外部;1:内部"
"JG-C545","0:未加热;7:加热"
"JG-C546","0:未加热;7:加热"
"LY-C076","0:未启动;1:已启动"
"LY-C077","0:未启动;1:已启动"
"LY-C078","0:未启动;1:已启动"
"LY-C079","0:未启动;1:已启动"
"LY-C080","0:未启动;1:已启动"
"LY-C081","0:未启动;1:已启动"
"LY-C082","0:未启动;1:已启动"
"LY-C083","0:未启动;1:已启动"
"XMA-C019","0:未设置;1:已设置"
"XMB-C019","0:未设置;1:已设置"
"CK-C003","0:未锁定;1:锁定"
"CK-C004","0:未锁定;1:锁定"
"CK-C005","0:未锁定;1:锁定"
"CK-C006","0:未锁定;1:锁定"
"CK-C021","0:未锁定;1:锁定"
"CK-C022","0:未锁定;1:锁定"
"CK-C023","0:未锁定;1:锁定"
"CK-C024","0:未锁定;1:锁定"
"DH-C507","0:未锁定;1:锁定"
"DH-C508","0:未锁定;1:锁定"
"DH-C509","0:未锁定;1:锁定"
"DH-C510","0:未锁定;1:锁定"
"DH-C007","0:未锁定;1:锁定"
"DH-C008","0:未锁定;1:锁定"
"DH-C009","0:未锁定;1:锁定"
"DH-C010","0:未锁定;1:锁定"
"DH-C213","0:未写入;1:正在写入状态;2:已写入;3:写事件异常终止"
"DH-C214","0:未写入;1:正在写入状态;2:已写入;3:写事件异常终止"
"DH-C215","0:未写入;1:正在写入状态;2:已写入;3:写事件异常终止"
"DH-C216","0:未写入;1:正在写入状态;2:已写入;3:写事件异常终止"
"DH-C217","0:未写入;1:正在写入状态;2:已写入;3:写事件异常终止"
"DH-C218","0:未写入;1:正在写入状态;2:已写入;3:写事件异常终止"
"DH-C219","0:未写入;1:正在写入状态;2:已写入;3:写事件异常终止"
"DH-C220","0:未写入;1:正在写入状态;2:已写入;3:写事件异常终止"
"DH-C221","0:未写入;1:正在写入状态;2:已写入;3:写事件异常终止"
"DH-C222","0:未写入;1:正在写入状态;2:已写入;3:写事件异常终止"
"DH-C223","0:未写入;1:正在写入状态;2:已写入;3:写事件异常终止"
"DH-C224","0:未写入;1:正在写入状态;2:已写入;3:写事件异常终止"
"DH-C225","0:未写入;1:正在写入状态;2:已写入;3:写事件异常终止"
"DH-C226","0:未写入;1:正在写入状态;2:已写入;3:写事件异常终止"
"DH-C234","0:未写入;1:正在写入状态;2:已写入;3:写事件异常终止"
"DH-C235","0:未写入;1:正在写入状态;2:已写入;3:写事件异常终止"
"DH-C236","0:未写入;1:正在写入状态;2:已写入;3:写事件异常终止"
"DH-C072","0:无;1:5K;2:9K;3:22K"
"DH-C573","0:无;1:开"
"DH-C073","0:无;1:开"
"XW-C301","0:无效;1:GNSSA;2:GNSSB;"
"DH-C172","0:无效;1:有效"
"DH-C173","0:无效;1:有效"
"DH-C177","0:无效;1:有效"
"DH-C178","0:无效;1:有效"
"DH-C182","0:无效;1:有效"
"DH-C183","0:无效;1:有效"
"DH-C187","0:无效;1:有效"
"XW-C302","0:星务FPGA;1:GNSSA;2:GNSSB;"
"AA-C009","0:一片区;1:二片区;2:三片区;3:四片区;4:五片区;5:六片区;6:七片区;7:八片区"
"AA-C509","0:一片区;1:二片区;2:三片区;3:四片区;4:五片区;5:六片区;6:七片区;7:八片区
"
"XW-C017","0:已分离;1:未分离"
"XW-C018","0:已分离;1:未分离"
"XMA-C002","0:有效;1:无效"
"XMB-C002","0:有效;1:无效"
"FLX-C002","0:有效;1:无效"
"FLY-C002","0:有效;1:无效"
"FLZ-C002","0:有效;1:无效"
"FLS-C002","0:有效;1:无效"
"CQA-C002","0:有效;1:无效"
"CQB-C002","0:有效;1:无效"
"GPA-C002","0:有效;1:无效"
"GPB-C002","0:有效;1:无效"
"TY-C002","0:有效;1:无效"
"CB-C002","0:有效;1:无效"
"TLA-C002","0:有效;1:无效"
"TLB-C002","0:有效;1:无效"
"BL1","0:有效;1:无效"
"BL2","0:有效;1:无效"
"XW-C236","0:允许起爆;1:禁止起爆"
"XW-C237","0:真实部件;1:PXI动力学"
"AA-C518","0:正常;1:不正常"
"AA-C018","0:正常;1:不正常"
"XMA-C001","0:正常;1:超时"
"XMB-C001","0:正常;1:超时"
"FLX-C001","0:正常;1:超时"
"FLY-C001","0:正常;1:超时"
"FLZ-C001","0:正常;1:超时"
"FLS-C001","0:正常;1:超时"
"CQA-C001","0:正常;1:超时"
"CQB-C001","0:正常;1:超时"
"GPA-C001","0:正常;1:超时"
"GPB-C001","0:正常;1:超时"
"TY-C001","0:正常;1:超时"
"CB-C001","0:正常;1:超时"
"TLA-C001","0:正常;1:超时"
"TLB-C001","0:正常;1:超时"
"BL1","0:正常;1:超时"
"BL2","0:正常;1:超时"
"AA-C504","0:正常;1:断电"
"AA-C004","0:正常;1:断电"
"CB-C006","0:正常;1:异常"
"CB-C007","0:正常;1:异常"
"CB-C008","0:正常;1:异常"
"AA-C525","0:正常;1:异常"
"AA-C526","0:正常;1:异常"
"AA-C527","0:正常;1:异常"
"AA-C528","0:正常;1:异常"
"AA-C529","0:正常;1:异常"
"AA-C530","0:正常;1:异常"
"AA-C531","0:正常;1:异常"
"AA-C532","0:正常;1:异常"
"XMA-C025","0:正常;1:异常"
"XMA-C026","0:正常;1:异常"
"XMA-C027","0:正常;1:异常"
"XMA-C028","0:正常;1:异常"
"XMA-C029","0:正常;1:异常"
"XMA-C030","0:正常;1:异常"
"XMA-C031","0:正常;1:异常"
"XMA-C032","0:正常;1:异常"
"XMA-C033","0:正常;1:异常"
"XMA-C034","0:正常;1:异常"
"XMB-C025","0:正常;1:异常"
"XMB-C026","0:正常;1:异常"
"XMB-C027","0:正常;1:异常"
"XMB-C028","0:正常;1:异常"
"XMB-C029","0:正常;1:异常"
"XMB-C030","0:正常;1:异常"
"XMB-C031","0:正常;1:异常"
"XMB-C032","0:正常;1:异常"
"XMB-C033","0:正常;1:异常"
"XMB-C034","0:正常;1:异常"
"AA-C025","0:正常;1:异常"
"AA-C026","0:正常;1:异常"
"AA-C027","0:正常;1:异常"
"AA-C028","0:正常;1:异常"
"AA-C029","0:正常;1:异常"
"AA-C030","0:正常;1:异常"
"AA-C031","0:正常;1:异常"
"AA-C032","0:正常;1:异常"
"AA-C073","0:正常;1:重构"
"AA-C072","0:正常;1:重启"
"GPA-C104","0:正常定位;1:时间无效;2:有故障星;3:PDOP值太大;4:冷捕-无任何信息;5:热捕-已经有星历、时间、位置等信息;8:没有可用卫星;9:只有1颗可用卫星;10:只有2颗可用卫星;11:只有3颗可用卫星;13:高度超差;14:频差超差;15:速度超差"
"GPB-C104","0:正常定位;1:时间无效;2:有故障星;3:PDOP值太大;4:冷捕-无任何信息;5:热捕-已经有星历、时间、位置等信息;8:没有可用卫星;9:只有1颗可用卫星;10:只有2颗可用卫星;11:只有3颗可用卫星;13:高度超差;14:频差超差;15:速度超差"
"AA-C508","0:正常工作;1:擦除FLASH中;2:擦除完毕;3:烧写中;4:烧写完毕;5:擦除错误;6:写入错误;7:操作冲突"
"AA-C008","0:正常工作;1:擦除FLASH中;2:擦除完毕;3:烧写中;4:烧写完毕;5:擦除错误;6:写入错误;7:操作冲突"
"DH-C566","0:正常模式;1:测试模式"
"DH-C582","0:正常模式;1:测试模式"
"DH-C066","0:正常模式;1:测试模式"
"DH-C082","0:正常模式;1:测试模式"
"AA-C513","0:正常周期;1:自检周期"
"XW-C067","0:正确;1:错误"
"XW-C006","0:指令正确;1:错误指令ID错误;2:错误部件代码错误;3:延时指令时间错误;4:校验和错误;5:航天器识别号错误;6:虚拟信道标志错误;7:其它错误"
"XW-C080","0:指令正确;1:错误指令ID错误;2:错误部件代码错误;3:延时指令时间错误;4:校验和错误;5:航天器识别号错误;6:虚拟信道标志错误;7:其它错误"
"KD-C526","0:重构模式1;1:重构模式2;2:重构模式3;4:正常模式"
"KD-C028","0:重构模式1;1:重构模式2;2:重构模式3;4:正常模式"
"XW-C005","0:主USB;1:备USB;2:保留1;3:保留2;4:VHF;5:保留3;6:地测CAN"
"SC-C523","0:主份;1:备份"
"SC-C023","0:主份;1:备份"
"TY-C007","0:自动;1:固定"
"TY-C008","0:自动;1:固定"
"XW-C021","0:自主模式;1:阻尼模式;2:对日捕获与定向模式;3:对地定向三轴稳定模式;4:安全模式;5:轨控模式;6:对日三轴稳定模式;7:激光载荷试验任务模式"
"ZK-C019","0:自主模式;1:阻尼模式;2:对日捕获与定向模式;3:对地定向三轴稳定模式;4:安全模式;5:轨控模式;6:对日三轴稳定模式;7:激光载荷试验任务模式"
"JG-C200","0: 正常;3:警戒值"
"JG-C201","0: 正常;3:警戒值"
"JG-C203","0: 正常;3:警戒值"
"GPA-C110","0:保留;1:A模块断电;2:A模块加电未定位;3:A模块加电定位"
"GPB-C110","0:保留;1:A模块断电;2:A模块加电未定位;3:A模块加电定位"
"GPA-C105","0:保留;1:A模块工作;2:保留;3:保留"
"GPB-C105","0:保留;1:A模块工作;2:保留;3:保留"
"GPA-C120","0:初始状态;1:A模块上注;2:B模块上注;3:C模块上注"
"GPB-C120","0:初始状态;1:A模块上注;2:B模块上注;3:C模块上注"
"GPA-C116","0:初始状态;1:保留;2:数据接收完成;3:数据写入FLASH完成"
"GPB-C116","0:初始状态;1:保留;2:数据接收完成;3:数据写入FLASH完成"
"GPA-C119","0:初始状态;1:程序上注允许;2:程序上注结束;3:上注程序启动"
"GPB-C119","0:初始状态;1:程序上注允许;2:程序上注结束;3:上注程序启动"
"GPA-C121","0:初始状态;1:上注开始;2:上注进行中;3:上注结束"
"GPB-C121","0:初始状态;1:上注开始;2:上注进行中;3:上注结束"
"GPA-C114","0:初始状态;1:帧头错;2:校验错;3:完全正确"
"GPB-C114","0:初始状态;1:帧头错;2:校验错;3:完全正确"
"GPB-C117","0:初始状态;1:帧头错;2:校验错;3:完全正确"
"GPA-C117","0:初始状态;1:帧头错;2:校验错;3:完全正确"
"DH-C262","0:单阵元测试;1:7波束测试低电平;2:7波束测试;3:扫描波束测试"
"LY-C200","0:当前使用flash0分区;3:当前使用flash1分区"
"AA-C021","0:等待;1:采集中;2:回传中;3:回传结束"
"XW-C068","0:等待重注;17:重注已就绪;34:重注不允许;51:数据接收中;69:镜像校验正确;74:镜像校验错误;85:FLASH擦除;90:FLASH编程扇区1;91:FLASH编程扇区2;92:FLASH编程扇区3"
"LY-C535","0:读文件错误;255:读文件正确;15:写文件错误;240:写文件正确"
"LY-C539","0:读文件错误;255:读文件正确;15:写文件错误;240:写文件正确"
"LY-C035","0:读文件错误;255:读文件正确;15:写文件错误;240:写文件正确"
"LY-C039","0:读文件错误;255:读文件正确;15:写文件错误;240:写文件正确"
"XW-C303","0:非安全模式;170:安全模式未清除;85:安全模式已清除"
"XW-C304","0:非轨控模式;170:喷气机动准备;85:喷气结束"
"LY-C072","0:格式化成功;1:参数个数错误;2:设备名错误"
"SC-C501","0:固存空闲;1:固存记录;2:固存回放;3:固存边放边记;4:固存擦除;5:固存自检;6:接收指令异常;80:文件系统错误;112:自定义指令;160:FPGA自检错误"
"SC-C001","0:固存空闲;1:固存记录;2:固存回放;3:固存边放边记;4:固存擦除;5:固存自检;6:接收指令异常;80:文件系统错误;112:自定义指令;160:FPGA自检错误"
"LY-C074","0:加载成功;3:加载失败"
"DH-C622","0:加载过程中读访问出错;1:加载过程;2:三次看门狗错误加载失败;3:加载成功"
"DH-C623","0:加载过程中读访问出错;1:加载过程;2:三次看门狗错误加载失败;3:加载成功"
"DH-C627","0:加载过程中读访问出错;1:加载过程;2:三次看门狗错误加载失败;3:加载成功"
"DH-C122","0:加载过程中读访问出错;1:加载过程;2:三次看门狗错误加载失败;3:加载成功"
"DH-C123","0:加载过程中读访问出错;1:加载过程;2:三次看门狗错误加载失败;3:加载成功"
"DH-C127","0:加载过程中读访问出错;1:加载过程;2:三次看门狗错误加载失败;3:加载成功"
"DH-C538","0:空闲;1:未接收到fifo数据;2:接收到fifo数据;3:校正计算完成"
"LY-C073","0:切换成功;3:切换失败"
"AA-C506","0:实时处理模式;1:信号采集模式;3:注数模式"
"AA-C006","0:实时处理模式;1:信号采集模式;3:注数模式"
"JG-C202","0:使能;3:去使能"
"FLX-C004","0:未接收过任何遥控指令;3:前一遥控指令为电流模式指令;5:前一指令为转速模式指令;9:前一指令为力矩模式指令"
"FLY-C004","0:未接收过任何遥控指令;3:前一遥控指令为电流模式指令;5:前一指令为转速模式指令;9:前一指令为力矩模式指令"
"FLZ-C004","0:未接收过任何遥控指令;3:前一遥控指令为电流模式指令;5:前一指令为转速模式指令;9:前一指令为力矩模式指令"
"FLS-C004","0:未接收过任何遥控指令;3:前一遥控指令为电流模式指令;5:前一指令为转速模式指令;9:前一指令为力矩模式指令"
"DH-C572","0:无;1:5K;2:9K;3:22K"
"GPA-C108","0:无错误"
"GPB-C108","0:无错误"
"LY-C052","0:无错误;1:长度错误;2:头长度错误;4:可选参数长度错误;8:可选参数错误;16:数据头长度错误;32:数据头净荷长度错误;64:数据头类型错误"
"LY-C058","0:无错误;1:长度错误;2:头长度错误;4:可选参数长度错误;8:可选参数错误;16:数据头长度错误;32:数据头净荷长度错误;64:数据头类型错误"
"JG-C506","0:有效;3:自守时 "
"JG-C006","0:有效;3:自守时 "
"CK-C300","0:在区域内;17:在区域外"
"DH-C537","0:正常模式;1:校正模式;2:天线模式;3:综合测试模式"
"DH-C037","0:正常模式;1:校正模式;2:天线模式;3:综合测试模式"
"DH-C212","0:正常状态;1:上注过程 ;2:上注成功 ;3:上注失败"
"DH-C211","0:正常状态;1:上注过程 ;2:上注成功 ;3:上注失败"
"DH-C233","0:正常状态;1:上注过程 ;2:上注成功 ;3:上注失败"
"SC-C024","0:直接转发模式;1:存储转发模式;2:多用户接入载荷重构模式;4:路由单元重构模式;8:AISADS-B单元重构模式"
"SC-C524","0:直接转发模式;1:存储转发模式;2:多用户接入载荷重构模式;4:路由单元重构模式;8:AISADS-B单元重构模式"
"LY-C606","0:指令正确;1:总线CRC错误;2:单复帧信息错误（广播数据不做验证）;3:RTR远程传输请求标志错误;4:扩展标志错误;5:保留位错误;6:数据长度错误;7:数据指令错误"
"LY-C106","0:指令正确;1:总线CRC错误;2:单复帧信息错误（广播数据不做验证）;3:RTR远程传输请求标志错误;4:扩展标志错误;5:保留位错误;6:数据长度错误;7:数据指令错误"
"JG-C502","0:待机热控模式;1:寻零模式;2:扫描模式;3:凝视模式;4:捕获跟踪模式;5:建链完成;6:链路断开;7:完成对地指向"
"JG-C002","0:待机热控模式;1:寻零模式;2:扫描模式;3:凝视模式;4:捕获跟踪模式;5:建链完成;6:链路断开;7:完成对地指向"
"DH-C125","0:当前无程序;1:FPGA1主份程序;2:FPGA1备份程序1;3:FPGA1备份程序2;4:FPGA1重构程序1;5:FPGA1重构程序2;6:FPGA1上注程序1;7:FPGA1上注程序2"
"DH-C126","0:当前无程序;1:FPGA1主份程序;2:FPGA1备份程序1;3:FPGA1备份程序2;4:FPGA1重构程序1;5:FPGA1重构程序2;6:FPGA1上注程序1;7:FPGA1上注程序2"
"DH-C625","0:当前无程序;1:FPGA1主份程序;2:FPGA1备份程序1;3:FPGA1备份程序2;4:FPGA1重构程序1;5:FPGA1重构程序2;6:FPGA1上注程序1;7:FPGA1上注程序2"
"DH-C626","0:当前无程序;1:FPGA1主份程序;2:FPGA1备份程序1;3:FPGA1备份程序2;4:FPGA1重构程序1;5:FPGA1重构程序2;6:FPGA1上注程序1;7:FPGA1上注程序2"
"DH-C577","0:当前无程序;1:FPGA3主份程序;2:FPGA3备份程序;3:FPGA3上注程序1;4:FPGA3上注程序2"
"DH-C592","0:1200bps;1:2400bps;2:4800bps;3:9600bps "
"DH-C596","0:1200bps;1:2400bps;2:4800bps;3:9600bps "
"DH-C600","0:1200bps;1:2400bps;2:4800bps;3:9600bps "
"DH-C604","0:1200bps;1:2400bps;2:4800bps;3:9600bps "
"DH-C608","0:1200bps;1:2400bps;2:4800bps;3:9600bps "
"DH-C612","0:1200bps;1:2400bps;2:4800bps;3:9600bps "
"DH-C616","0:1200bps;1:2400bps;2:4800bps;3:9600bps "
"DH-C620","0:1200bps;1:2400bps;2:4800bps;3:9600bps "
"DH-C092","0:1200bps;1:2400bps;2:4800bps;3:9600bps "
"DH-C096","0:1200bps;1:2400bps;2:4800bps;3:9600bps "
"DH-C100","0:1200bps;1:2400bps;2:4800bps;3:9600bps "
"DH-C104","0:1200bps;1:2400bps;2:4800bps;3:9600bps "
"DH-C108","0:1200bps;1:2400bps;2:4800bps;3:9600bps "
"DH-C112","0:1200bps;1:2400bps;2:4800bps;3:9600bps "
"DH-C116","0:1200bps;1:2400bps;2:4800bps;3:9600bps "
"DH-C120","0:1200bps;1:2400bps;2:4800bps;3:9600bps "
"LY-C611","0:文件校验成功;1:文件校验失败"
"LY-C111","0:文件校验成功;1:文件校验失败"
"XMA-C010","1:待机;2:全天;3:跟踪"
"XMB-C010","1:待机;2:全天;3:跟踪"
"XMA-C110","1:待机;2:全天;3:跟踪"
"XMB-C110","1:待机;2:全天;3:跟踪"
"JG-C503","1:A机;2:B机"
"JG-C003","1:A机;2:B机"
"DH-C506","1:A总线;2:B总线"
"JG-C507","1:CAN A（主）;2:CAN B（备）"
"JG-C007","1:CAN A（主）;2:CAN B（备）"
"JG-C501","1:程序默认值;2:FLASH加载值;3:地面上注"
"JG-C001","1:程序默认值;2:FLASH加载值;3:地面上注"
"XMA-C021","1:正常;0:其它异常;2:其它异常;3:其它异常"
"XMB-C021","1:正常;0:其它异常;2:其它异常;3:其它异常"
"XMA-C121","1:正常;0:其它异常;2:其它异常;3:其它异常"
"XMB-C121","1:正常;0:其它异常;2:其它异常;3:其它异常"
"LY-C599","2:A机工作;5:B机工作"
"LY-C099","2:A机工作;5:B机工作"
"JG-C113","1:0点更新;0:0点不更新"
"VHF-C508","1:1/60模式;0:长周期模式"
"VHF-C008","1:1/60模式;0:长周期模式"
"KD-C055","1:4096Mbps;0:8192Mbps"
"DH-C006","1:A总线;2:B总线"
"DH-C077","1:FPGA3主份程序;2:FPGA3备份程序;3:FPGA3上注程序1;4:FPGA3上注程序2"
"LY-C598","1:FPGA自检正常;0:FPGA自检异常"
"LY-C098","1:FPGA自检正常;0:FPGA自检异常"
"GPA-C103","1:GPS;2:BD;3:GPS+BD"
"GPB-C103","1:GPS;2:BD;3:GPS+BD"
"XMA-C120","1:PPS有效;0:PPS无效"
"XMB-C120","1:PPS有效;0:PPS无效"
"SC-C033","1:RB超时;0:无此错误"
"SC-C033","1:RB超时;0:无此错误"
"SC-C030","1:RS译码失败;0:无此错误"
"SC-C030","1:RS译码失败;0:无此错误"
"SC-C073","1:VHF;0:激光载荷"
"ZY-C164","1:安全模式;0:非安全模式"
"ZY-C189","1:本体角速度补偿;0:不补偿"
"SC-C034","1:编程失败;0:无此错误"
"SC-C034","1:编程失败;0:无此错误"
"DH-C130","1:参数1;2:参数2;3:参数3;4:参数4;5:参数5;16:参数16;17:参数17;18:参数18;19:参数19;20:参数20;21:参数21;22:参数22;23:参数23;24:参数24
"
"SC-C525","1:成功;0:不成功"
"SC-C025","1:成功;0:不成功"
"DY-C018","1:储存模式;0:工作模式"
"JG-C543","1:打开;0:关闭"
"JG-C544","1:打开;0:关闭"
"JG-C611","1:打开;0:关闭"
"JG-C043","1:打开;0:关闭"
"JG-C044","1:打开;0:关闭"
"JG-C111","1:打开;0:关闭"
"JG-C118","1:待机;2:星间测试模式;6:星间标校"
"KD-C027","1:单载波;0:调制波"
"SC-C031","1:读flash状态机超时;0:无此错误"
"SC-C031","1:读flash状态机超时;0:无此错误"
"LY-C602","1:多用户接入载荷同步接收接口有数据;0:多用户接入载荷同步接收接口无数据
"
"LY-C102","1:多用户接入载荷同步接收接口有数据;0:多用户接入载荷同步接收接口无数据
"
"SC-C511","1:发生;0:未发生"
"SC-C512","1:发生;0:未发生"
"SC-C513","1:发生;0:未发生"
"SC-C514","1:发生;0:未发生"
"SC-C515","1:发生;0:未发生"
"SC-C516","1:发生;0:未发生"
"SC-C517","1:发生;0:未发生"
"SC-C518","1:发生;0:未发生"
"SC-C519","1:发生;0:未发生"
"SC-C011","1:发生;0:未发生"
"SC-C012","1:发生;0:未发生"
"SC-C013","1:发生;0:未发生"
"SC-C014","1:发生;0:未发生"
"SC-C015","1:发生;0:未发生"
"SC-C016","1:发生;0:未发生"
"SC-C017","1:发生;0:未发生"
"SC-C018","1:发生;0:未发生"
"SC-C019","1:发生;0:未发生"
"KD-C527","1:发生错误;0:未发生错误"
"KD-C029","1:发生错误;0:未发生错误"
"ZY-C175","1:复位置零;0:不复位"
"ZY-C176","1:估计;0:计算"
"ZY-C177","1:估计;0:计算"
"ZY-C174","1:估计;0:停止估计"
"SC-C028","1:回放FIFO上溢;0:无此错误"
"SC-C028","1:回放FIFO上溢;0:无此错误"
"SC-C029","1:回放FIFO下溢;0:无此错误"
"SC-C029","1:回放FIFO下溢;0:无此错误"
"SC-C026","1:记录FIFO上溢;0:无此错误"
"SC-C026","1:记录FIFO上溢;0:无此错误"
"SC-C027","1:记录FIFO下溢;0:无此错误"
"SC-C027","1:记录FIFO下溢;0:无此错误"
"JG-C114","1:加热;0:未加热"
"JG-C115","1:加热;0:未加热"
"JG-C116","1:加热;0:未加热"
"JG-C117","1:加热;0:未加热"
"DH-C512","1:解保护;0:写保护"
"DH-C012","1:解保护;0:写保护"
"DH-C527","1:禁止;0:非禁止"
"DH-C027","1:禁止;0:非禁止"
"DY-C009","1:禁止;0:使能"
"DY-C015","1:禁止;0:使能"
"DY-C016","1:禁止;0:使能"
"DY-C021","1:禁止;0:使能"
"DY-C061","1:禁止;0:使能"
"DY-C063","1:禁止;0:使能"
"DY-C064","1:禁止;0:使能"
"RK-K101","1:禁止;0:使能"
"RK-K102","1:禁止;0:使能"
"RK-K103","1:禁止;0:使能"
"RK-K104","1:禁止;0:使能"
"RK-K105","1:禁止;0:使能"
"RK-K106","1:禁止;0:使能"
"RK-K107","1:禁止;0:使能"
"DY-C001","1:开;0:关"
"DY-C002","1:开;0:关"
"DY-C003","1:开;0:关"
"DY-C005","1:开;0:关"
"DY-C006","1:开;0:关"
"DY-C007","1:开;0:关"
"DY-C010","1:开;0:关"
"DY-C019","1:开;0:关"
"DY-C020","1:开;0:关"
"DY-C022","1:开;0:关"
"DY-C023","1:开;0:关"
"DY-C024","1:开;0:关"
"DY-C025","1:开;0:关"
"DY-C026","1:开;0:关"
"DY-C027","1:开;0:关"
"DY-C028","1:开;0:关"
"DY-C029","1:开;0:关"
"DY-C030","1:开;0:关"
"DY-C031","1:开;0:关"
"DY-C032","1:开;0:关"
"DY-C033","1:开;0:关"
"DY-C034","1:开;0:关"
"DY-C035","1:开;0:关"
"DY-C036","1:开;0:关"
"DY-C037","1:开;0:关"
"DY-C038","1:开;0:关"
"DY-C039","1:开;0:关"
"DY-C040","1:开;0:关"
"DY-C041","1:开;0:关"
"DY-C042","1:开;0:关"
"DY-C043","1:开;0:关"
"DY-C044","1:开;0:关"
"DY-C045","1:开;0:关"
"DY-C046","1:开;0:关"
"DY-C047","1:开;0:关"
"DY-C048","1:开;0:关"
"DY-C049","1:开;0:关"
"DY-C050","1:开;0:关"
"DY-C051","1:开;0:关"
"DY-C052","1:开;0:关"
"DY-C053","1:开;0:关"
"DY-C054","1:开;0:关"
"DY-C055","1:开;0:关"
"DY-C056","1:开;0:关"
"DY-C057","1:开;0:关"
"DY-C058","1:开;0:关"
"DY-C059","1:开;0:关"
"DY-C060","1:开;0:关"
"DY-C062","1:开;0:关"
"DH-C525","1:开;0:关"
"DH-C526","1:开;0:关"
"KD-C507","1:开;0:关"
"KD-C007","1:开;0:关"
"KD-C015","1:开;0:关"
"DH-C025","1:开;0:关"
"DH-C026","1:开;0:关"
"RK-K109","1:开;0:关"
"RK-K110","1:开;0:关"
"RK-K111","1:开;0:关"
"RK-K112","1:开;0:关"
"RK-K113","1:开;0:关"
"RK-K114","1:开;0:关"
"RK-K115","1:开;0:关"
"VHF-C507","1:开机;0:关机"
"ZK-C023","1:开机;0:未开机"
"ZK-C024","1:开机;0:未开机"
"XMA-C012","1:开启;0:关闭"
"XMB-C012","1:开启;0:关闭"
"XMA-C112","1:开启;0:关闭"
"XMB-C112","1:开启;0:关闭"
"JG-C542","1:滤波器使能;0:滤波器禁能"
"JG-C042","1:滤波器使能;0:滤波器禁能"
"JG-C519","1:失败;0:成功"
"JG-C520","1:失败;0:成功"
"JG-C019","1:失败;0:成功"
"JG-C020","1:失败;0:成功"
"ZY-C168","1:使用;0:不使用"
"LY-C600","1:数据处理单元同步接收接口有数据;0:数据处理单元同步接收接口无数据"
"LY-C100","1:数据处理单元同步接收接口有数据;0:数据处理单元同步接收接口无数据"
"KD-C505","1:锁定;0:失锁"
"KD-C506","1:锁定;0:失锁"
"VHF-C505","1:锁定;0:失锁"
"VHF-C506","1:锁定;0:失锁"
"KD-C005","1:锁定;0:失锁"
"KD-C006","1:锁定;0:失锁"
"VHF-C005","1:锁定;0:失锁"
"VHF-C006","1:锁定;0:失锁"
"ZY-C165","1:陀螺积分;0:双矢量定姿"
"ZK-C081","1:未启动;0:已启动"
"CK-C017","1:未锁定;0:锁定"
"CK-C018","1:未锁定;0:锁定"
"CK-C035","1:未锁定;0:锁定"
"CK-C036","1:未锁定;0:锁定"
"DY-C004","1:未展开;0:展开"
"LY-C603","1:向多用户接入载荷同步发送接口有数据;0:向多用户接入载荷同步发送接口无数据
"
"LY-C103","1:向多用户接入载荷同步发送接口有数据;0:向多用户接入载荷同步发送接口无数据
"
"LY-C601","1:向数据处理单元同步发送接口有数据;0:向数据处理单元同步发送接口无数据"
"LY-C101","1:向数据处理单元同步发送接口有数据;0:向数据处理单元同步发送接口无数据"
"XMA-C119","1:已设置;0:未设置"
"XMB-C119","1:已设置;0:未设置"
"XMA-C013","1:异常;0:正常"
"XMB-C013","1:异常;0:正常"
"DY-C008","1:未展开;0:展开"
"MT-C003","1:有太阳;0:无太阳"
"MT-C004","1:有太阳;0:无太阳"
"MT-C005","1:有太阳;0:无太阳"
"MT-C006","1:有太阳;0:无太阳"
"MT-C007","1:有太阳;0:无太阳"
"MT-C008","1:有太阳;0:无太阳"
"ZK-C069","0:均未使用;1:A机;2:B机"
"ZK-C070","0:均未使用;1:A机;2:B机;3:AB机"
"ZK-C071","0:均未使用;1:A机;2:B机"
"ZK-C072","0:均未使用;1:磁棒;2:线圈;3:共同使用"
"ZK-C021","1:展开;0:未展开"
"LY-C561","17:测试模式;33:正常模式-过顶注册;34:正常模式-定时播发;49:系统维护-应用升级;50:系统维护-应用升级执行;53:系统维护- Flash业务数据的文件格式化;54:系统
维护- Flash业务数据的分区切换;55:系统维护-操作系统重启;56:系统维护-文件系统重置;57:系统维护-用户信息上注（整表刷新）"
"AA-C572","0:正常;1:重启"
"AA-C573","0:正常;1:重构"
"AA-C574","0:关;1:开"
"AA-C575","0:健康管理FPGA控制;1:接口和检测FPGA控制"
"SC-C507","1:有数据未回放;0:无数据未回放"
"SC-C506","1:有数据未回放;0:无数据未回放"
"SC-C032","1:主控状态超时;0:无此错误"
"TY-C005","1:有效;0:失效"
"SC-C006","1:有数据未回放;0:无数据未回放"
"SC-C007","1:有数据未回放;0:无数据未回放"
"AA-C014","0:A总线;1:B总线"
"JG-C041","7:10Mbps速率;6:1Mbps速率;5:未通信;4:未通信;3:未通信;2:未通信;1:未通信;0:未通信"
"JG-C053","96:空闲;99:寻零;101:遥控指向;198:本体J2000星间指向;230:星敏J2000星间指向;105:扫描;106:跟踪"
"LY-C061","17:测试模式;33:正常模式-过顶注册;34:正常模式-定时播发;49:系统维护-应用升级;50:系统维护-应用升级执行;53:系统维护- Flash业务数据的文件格式化;54:系统
维护- Flash业务数据的分区切换;55:系统维护-操作系统重启;56:系统维护-文件系统重置;57:系统维护-用户信息上注（整表刷新）"
"DH-C210","1:指令接收成功;2:指令校验失败;3:上注过程出现坏块 ;4:接收数据不完整 ;5:当前状态不接收数据 ;6:发送包计数重复 ;7:上注程序不连续 ;8: 该程序号不属于上注程序 ;9:回复帧的包计数超出范围 ;10:未接受到辅助帧，直接接收到数据帧;11:写入与读出数据不一致
11:写入与读出数据不一致"
"DH-C255","10:串口接收过程中;5:空闲;1:串口校验有误中止传输状态;2:上注程序内容有误中止传输状态;3:上注程序写3418有误中止传输状态"
"DH-C258","2:上注程序检查正确;3:上注程序检查错误;0:空闲"
"DH-C300","85:全球区域;170:指定区域"
"XMA-C111","1:有效;0:无效"
"XMA-C113","1:开启;0:关闭"
"XMB-C111","1:有效;0:无效"
"XMB-C113","1:开启;0:关闭"
"SC-C040","160:文件系统错误;80:FPGA测试错误;240:文件系统和FPAG测试错误;0:无错误"
"JG-C119","3:星敏A;0:星敏B"
"JG-C120","3:VHF;0:地面注入"
"JG-C541","7:10Mbps速率;6:1Mbps速率;5:未通信;4:未通信;3:未通信;2:未通信;1:未通信;0:未通信"
"DH-C209","17:FPGA1主份程序;18:FPGA1备份程序1;19:FPGA1备份程序2;20:FPGA1重构程序1;21:FPGA1重构程序2;22:FPGA1上注程序1;23:FPGA1上注程序2;33:FPGA2主份程
序;34:FPGA2备份程序1;35:FPGA2备份程序2;36:FPGA2重构程序1;37:FPGA2重构程序2;38:FPGA2上注程序1;39:FPGA2上注程序2;49:FPGA3主份程序;50:FPGA3备份程
序;51:FPGA3上注程序1;52:FPGA3上注程序2
"
"XMA-C011","1:有效;0:无效"
"XMB-C011","1:有效;0:无效"
"JG-C553","96:空闲;99:寻零;101:遥控指向;198:本体 J2000星间指向;230:星敏 J2000星间指向;105:扫描;106:跟踪"
"AA-C013","0:正常周期;1:自检周期"
"AA-C514","0:A总线;1:B总线"
